context,question,answer
"SQL, which stands for Structured Query Language, is a standardized programming language used for managing relational databases and performing various operations on the data in them. It is particularly useful for handling structured data, where there are relations between different entities/variables.",What does SQL stand for?,Structured Query Language
"SQL is capable of querying and retrieving data from a database. This operation is performed using the SELECT statement, which specifies the columns to be retrieved and the conditions that must be met for a row to be included in the result.",Which SQL statement is used to retrieve data?,SELECT
"To insert data into a SQL database, the INSERT INTO statement is used. This statement specifies the table to populate and the values to insert into each field of the table's rows.",What is the purpose of the INSERT INTO statement in SQL?,To insert data into a database
"SQL databases maintain data integrity by using primary keys. A primary key is a special relational database table column (or combination of columns) designated to uniquely identify all table records. A primary key’s main features are: it must contain a unique value for each row of data, and it cannot contain null values.",What is a primary key in SQL?,A column or combination of columns that uniquely identifies all table records and cannot contain null values.
"In SQL, the DELETE statement is used to remove rows from a table. The WHERE clause specifies which rows should be deleted; without a WHERE clause, all rows would be removed.",What SQL statement is used to delete rows from a table?,DELETE
The UPDATE statement in SQL is used to modify existing records in a table. It is often used in conjunction with the WHERE clause to specify which records should be updated.,What is the purpose of the UPDATE statement in SQL?,To modify existing records in a table
"SQL uses the JOIN clause to combine rows from two or more tables, based on a related column between them. There are several types of joins: INNER JOIN, LEFT JOIN, RIGHT JOIN, and FULL OUTER JOIN.",What is the purpose of the JOIN clause in SQL?,To combine rows from two or more tables based on a related column between them
"SQL, which stands for Structured Query Language, is a standardized programming language used for managing relational databases and performing various operations on the data in them. It is particularly useful for handling structured data, where there are relations between different entities/variables.",What does SQL stand for?,Structured Query Language
"SQL is capable of querying and retrieving data from a database. This operation is performed using the SELECT statement, which specifies the columns to be retrieved and the conditions that must be met for a row to be included in the result.",Which SQL statement is used to retrieve data?,SELECT
"To insert data into a SQL database, the INSERT INTO statement is used. This statement specifies the table to populate and the values to insert into each field of the table's rows.",What is the purpose of the INSERT INTO statement in SQL?,To insert data into a database
"SQL databases maintain data integrity by using primary keys. A primary key is a special relational database table column (or combination of columns) designated to uniquely identify all table records. A primary key’s main features are: it must contain a unique value for each row of data, and it cannot contain null values.",What is a primary key in SQL?,A column or combination of columns that uniquely identifies all table records and cannot contain null values.
"In SQL, the DELETE statement is used to remove rows from a table. The WHERE clause specifies which rows should be deleted; without a WHERE clause, all rows would be removed.",What SQL statement is used to delete rows from a table?,DELETE
The UPDATE statement in SQL is used to modify existing records in a table. It is often used in conjunction with the WHERE clause to specify which records should be updated.,What is the purpose of the UPDATE statement in SQL?,To modify existing records in a table
"SQL uses the JOIN clause to combine rows from two or more tables, based on a related column between them. There are several types of joins: INNER JOIN, LEFT JOIN, RIGHT JOIN, and FULL OUTER JOIN.",What is the purpose of the JOIN clause in SQL?,To combine rows from two or more tables based on a related column between them
"SQL, which stands for Structured Query Language, is a standardized programming language used for managing relational databases and performing various operations on the data in them. It is particularly useful for handling structured data, where there are relations between different entities/variables.",What does SQL stand for?,Structured Query Language
"SQL is capable of querying and retrieving data from a database. This operation is performed using the SELECT statement, which specifies the columns to be retrieved and the conditions that must be met for a row to be included in the result.",Which SQL statement is used to retrieve data?,SELECT
"To insert data into a SQL database, the INSERT INTO statement is used. This statement specifies the table to populate and the values to insert into each field of the table's rows.",What is the purpose of the INSERT INTO statement in SQL?,To insert data into a database
"SQL databases maintain data integrity by using primary keys. A primary key is a special relational database table column (or combination of columns) designated to uniquely identify all table records. A primary key’s main features are: it must contain a unique value for each row of data, and it cannot contain null values.",What is a primary key in SQL?,A column or combination of columns that uniquely identifies all table records and cannot contain null values.
"In SQL, the DELETE statement is used to remove rows from a table. The WHERE clause specifies which rows should be deleted; without a WHERE clause, all rows would be removed.",What SQL statement is used to delete rows from a table?,DELETE
The UPDATE statement in SQL is used to modify existing records in a table. It is often used in conjunction with the WHERE clause to specify which records should be updated.,What is the purpose of the UPDATE statement in SQL?,To modify existing records in a table
"SQL uses the JOIN clause to combine rows from two or more tables, based on a related column between them. There are several types of joins: INNER JOIN, LEFT JOIN, RIGHT JOIN, and FULL OUTER JOIN.",What is the purpose of the JOIN clause in SQL?,To combine rows from two or more tables based on a related column between them
"SQL, which stands for Structured Query Language, is a standardized programming language used for managing relational databases and performing various operations on the data in them. It is particularly useful for handling structured data, where there are relations between different entities/variables.",What does SQL stand for?,Structured Query Language
"SQL is capable of querying and retrieving data from a database. This operation is performed using the SELECT statement, which specifies the columns to be retrieved and the conditions that must be met for a row to be included in the result.",Which SQL statement is used to retrieve data?,SELECT
"To insert data into a SQL database, the INSERT INTO statement is used. This statement specifies the table to populate and the values to insert into each field of the table's rows.",What is the purpose of the INSERT INTO statement in SQL?,To insert data into a database
"SQL databases maintain data integrity by using primary keys. A primary key is a special relational database table column (or combination of columns) designated to uniquely identify all table records. A primary key’s main features are: it must contain a unique value for each row of data, and it cannot contain null values.",What is a primary key in SQL?,A column or combination of columns that uniquely identifies all table records and cannot contain null values.
"In SQL, the DELETE statement is used to remove rows from a table. The WHERE clause specifies which rows should be deleted; without a WHERE clause, all rows would be removed.",What SQL statement is used to delete rows from a table?,DELETE
The UPDATE statement in SQL is used to modify existing records in a table. It is often used in conjunction with the WHERE clause to specify which records should be updated.,What is the purpose of the UPDATE statement in SQL?,To modify existing records in a table
"SQL uses the JOIN clause to combine rows from two or more tables, based on a related column between them. There are several types of joins: INNER JOIN, LEFT JOIN, RIGHT JOIN, and FULL OUTER JOIN.",What is the purpose of the JOIN clause in SQL?,To combine rows from two or more tables based on a related column between them
"SQL, which stands for Structured Query Language, is a standardized programming language used for managing relational databases and performing various operations on the data in them. It is particularly useful for handling structured data, where there are relations between different entities/variables.",What does SQL stand for?,Structured Query Language
"SQL is capable of querying and retrieving data from a database. This operation is performed using the SELECT statement, which specifies the columns to be retrieved and the conditions that must be met for a row to be included in the result.",Which SQL statement is used to retrieve data?,SELECT
"To insert data into a SQL database, the INSERT INTO statement is used. This statement specifies the table to populate and the values to insert into each field of the table's rows.",What is the purpose of the INSERT INTO statement in SQL?,To insert data into a database
"SQL databases maintain data integrity by using primary keys. A primary key is a special relational database table column (or combination of columns) designated to uniquely identify all table records. A primary key’s main features are: it must contain a unique value for each row of data, and it cannot contain null values.",What is a primary key in SQL?,A column or combination of columns that uniquely identifies all table records and cannot contain null values.
"In SQL, the DELETE statement is used to remove rows from a table. The WHERE clause specifies which rows should be deleted; without a WHERE clause, all rows would be removed.",What SQL statement is used to delete rows from a table?,DELETE
The UPDATE statement in SQL is used to modify existing records in a table. It is often used in conjunction with the WHERE clause to specify which records should be updated.,What is the purpose of the UPDATE statement in SQL?,To modify existing records in a table
"SQL uses the JOIN clause to combine rows from two or more tables, based on a related column between them. There are several types of joins: INNER JOIN, LEFT JOIN, RIGHT JOIN, and FULL OUTER JOIN.",What is the purpose of the JOIN clause in SQL?,To combine rows from two or more tables based on a related column between them
"SQL, which stands for Structured Query Language, is a standardized programming language used for managing relational databases and performing various operations on the data in them. It is particularly useful for handling structured data, where there are relations between different entities/variables.",What does SQL stand for?,Structured Query Language
"SQL is capable of querying and retrieving data from a database. This operation is performed using the SELECT statement, which specifies the columns to be retrieved and the conditions that must be met for a row to be included in the result.",Which SQL statement is used to retrieve data?,SELECT
"To insert data into a SQL database, the INSERT INTO statement is used. This statement specifies the table to populate and the values to insert into each field of the table's rows.",What is the purpose of the INSERT INTO statement in SQL?,To insert data into a database
"SQL databases maintain data integrity by using primary keys. A primary key is a special relational database table column (or combination of columns) designated to uniquely identify all table records. A primary key’s main features are: it must contain a unique value for each row of data, and it cannot contain null values.",What is a primary key in SQL?,A column or combination of columns that uniquely identifies all table records and cannot contain null values.
"In SQL, the DELETE statement is used to remove rows from a table. The WHERE clause specifies which rows should be deleted; without a WHERE clause, all rows would be removed.",What SQL statement is used to delete rows from a table?,DELETE
The UPDATE statement in SQL is used to modify existing records in a table. It is often used in conjunction with the WHERE clause to specify which records should be updated.,What is the purpose of the UPDATE statement in SQL?,To modify existing records in a table
"SQL uses the JOIN clause to combine rows from two or more tables, based on a related column between them. There are several types of joins: INNER JOIN, LEFT JOIN, RIGHT JOIN, and FULL OUTER JOIN.",What is the purpose of the JOIN clause in SQL?,To combine rows from two or more tables based on a related column between them
"SQL, which stands for Structured Query Language, is a standardized programming language used for managing relational databases and performing various operations on the data in them. It is particularly useful for handling structured data, where there are relations between different entities/variables.",What does SQL stand for?,Structured Query Language
"SQL is capable of querying and retrieving data from a database. This operation is performed using the SELECT statement, which specifies the columns to be retrieved and the conditions that must be met for a row to be included in the result.",Which SQL statement is used to retrieve data?,SELECT
"To insert data into a SQL database, the INSERT INTO statement is used. This statement specifies the table to populate and the values to insert into each field of the table's rows.",What is the purpose of the INSERT INTO statement in SQL?,To insert data into a database
"SQL databases maintain data integrity by using primary keys. A primary key is a special relational database table column (or combination of columns) designated to uniquely identify all table records. A primary key’s main features are: it must contain a unique value for each row of data, and it cannot contain null values.",What is a primary key in SQL?,A column or combination of columns that uniquely identifies all table records and cannot contain null values.
"In SQL, the DELETE statement is used to remove rows from a table. The WHERE clause specifies which rows should be deleted; without a WHERE clause, all rows would be removed.",What SQL statement is used to delete rows from a table?,DELETE
The UPDATE statement in SQL is used to modify existing records in a table. It is often used in conjunction with the WHERE clause to specify which records should be updated.,What is the purpose of the UPDATE statement in SQL?,To modify existing records in a table
"SQL uses the JOIN clause to combine rows from two or more tables, based on a related column between them. There are several types of joins: INNER JOIN, LEFT JOIN, RIGHT JOIN, and FULL OUTER JOIN.",What is the purpose of the JOIN clause in SQL?,To combine rows from two or more tables based on a related column between them
"SQL, which stands for Structured Query Language, is a standardized programming language used for managing relational databases and performing various operations on the data in them. It is particularly useful for handling structured data, where there are relations between different entities/variables.",What does SQL stand for?,Structured Query Language
"SQL is capable of querying and retrieving data from a database. This operation is performed using the SELECT statement, which specifies the columns to be retrieved and the conditions that must be met for a row to be included in the result.",Which SQL statement is used to retrieve data?,SELECT
"To insert data into a SQL database, the INSERT INTO statement is used. This statement specifies the table to populate and the values to insert into each field of the table's rows.",What is the purpose of the INSERT INTO statement in SQL?,To insert data into a database
"SQL databases maintain data integrity by using primary keys. A primary key is a special relational database table column (or combination of columns) designated to uniquely identify all table records. A primary key’s main features are: it must contain a unique value for each row of data, and it cannot contain null values.",What is a primary key in SQL?,A column or combination of columns that uniquely identifies all table records and cannot contain null values.
"In SQL, the DELETE statement is used to remove rows from a table. The WHERE clause specifies which rows should be deleted; without a WHERE clause, all rows would be removed.",What SQL statement is used to delete rows from a table?,DELETE
The UPDATE statement in SQL is used to modify existing records in a table. It is often used in conjunction with the WHERE clause to specify which records should be updated.,What is the purpose of the UPDATE statement in SQL?,To modify existing records in a table
"SQL uses the JOIN clause to combine rows from two or more tables, based on a related column between them. There are several types of joins: INNER JOIN, LEFT JOIN, RIGHT JOIN, and FULL OUTER JOIN.",What is the purpose of the JOIN clause in SQL?,To combine rows from two or more tables based on a related column between them
"SQL, which stands for Structured Query Language, is a standardized programming language used for managing relational databases and performing various operations on the data in them. It is particularly useful for handling structured data, where there are relations between different entities/variables.",What does SQL stand for?,Structured Query Language
"SQL is capable of querying and retrieving data from a database. This operation is performed using the SELECT statement, which specifies the columns to be retrieved and the conditions that must be met for a row to be included in the result.",Which SQL statement is used to retrieve data?,SELECT
"To insert data into a SQL database, the INSERT INTO statement is used. This statement specifies the table to populate and the values to insert into each field of the table's rows.",What is the purpose of the INSERT INTO statement in SQL?,To insert data into a database
"SQL databases maintain data integrity by using primary keys. A primary key is a special relational database table column (or combination of columns) designated to uniquely identify all table records. A primary key’s main features are: it must contain a unique value for each row of data, and it cannot contain null values.",What is a primary key in SQL?,A column or combination of columns that uniquely identifies all table records and cannot contain null values.
"In SQL, the DELETE statement is used to remove rows from a table. The WHERE clause specifies which rows should be deleted; without a WHERE clause, all rows would be removed.",What SQL statement is used to delete rows from a table?,DELETE
The UPDATE statement in SQL is used to modify existing records in a table. It is often used in conjunction with the WHERE clause to specify which records should be updated.,What is the purpose of the UPDATE statement in SQL?,To modify existing records in a table
"SQL uses the JOIN clause to combine rows from two or more tables, based on a related column between them. There are several types of joins: INNER JOIN, LEFT JOIN, RIGHT JOIN, and FULL OUTER JOIN.",What is the purpose of the JOIN clause in SQL?,To combine rows from two or more tables based on a related column between them
"SQL, which stands for Structured Query Language, is a standardized programming language used for managing relational databases and performing various operations on the data in them. It is particularly useful for handling structured data, where there are relations between different entities/variables.",What does SQL stand for?,Structured Query Language
"SQL is capable of querying and retrieving data from a database. This operation is performed using the SELECT statement, which specifies the columns to be retrieved and the conditions that must be met for a row to be included in the result.",Which SQL statement is used to retrieve data?,SELECT
"To insert data into a SQL database, the INSERT INTO statement is used. This statement specifies the table to populate and the values to insert into each field of the table's rows.",What is the purpose of the INSERT INTO statement in SQL?,To insert data into a database
"SQL databases maintain data integrity by using primary keys. A primary key is a special relational database table column (or combination of columns) designated to uniquely identify all table records. A primary key’s main features are: it must contain a unique value for each row of data, and it cannot contain null values.",What is a primary key in SQL?,A column or combination of columns that uniquely identifies all table records and cannot contain null values.
"In SQL, the DELETE statement is used to remove rows from a table. The WHERE clause specifies which rows should be deleted; without a WHERE clause, all rows would be removed.",What SQL statement is used to delete rows from a table?,DELETE
The UPDATE statement in SQL is used to modify existing records in a table. It is often used in conjunction with the WHERE clause to specify which records should be updated.,What is the purpose of the UPDATE statement in SQL?,To modify existing records in a table
"SQL uses the JOIN clause to combine rows from two or more tables, based on a related column between them. There are several types of joins: INNER JOIN, LEFT JOIN, RIGHT JOIN, and FULL OUTER JOIN.",What is the purpose of the JOIN clause in SQL?,To combine rows from two or more tables based on a related column between them
"SQL, which stands for Structured Query Language, is a standardized programming language used for managing relational databases and performing various operations on the data in them. It is particularly useful for handling structured data, where there are relations between different entities/variables.",What does SQL stand for?,Structured Query Language
"SQL is capable of querying and retrieving data from a database. This operation is performed using the SELECT statement, which specifies the columns to be retrieved and the conditions that must be met for a row to be included in the result.",Which SQL statement is used to retrieve data?,SELECT
"To insert data into a SQL database, the INSERT INTO statement is used. This statement specifies the table to populate and the values to insert into each field of the table's rows.",What is the purpose of the INSERT INTO statement in SQL?,To insert data into a database
"SQL databases maintain data integrity by using primary keys. A primary key is a special relational database table column (or combination of columns) designated to uniquely identify all table records. A primary key’s main features are: it must contain a unique value for each row of data, and it cannot contain null values.",What is a primary key in SQL?,A column or combination of columns that uniquely identifies all table records and cannot contain null values.
"In SQL, the DELETE statement is used to remove rows from a table. The WHERE clause specifies which rows should be deleted; without a WHERE clause, all rows would be removed.",What SQL statement is used to delete rows from a table?,DELETE
The UPDATE statement in SQL is used to modify existing records in a table. It is often used in conjunction with the WHERE clause to specify which records should be updated.,What is the purpose of the UPDATE statement in SQL?,To modify existing records in a table
"SQL uses the JOIN clause to combine rows from two or more tables, based on a related column between them. There are several types of joins: INNER JOIN, LEFT JOIN, RIGHT JOIN, and FULL OUTER JOIN.",What is the purpose of the JOIN clause in SQL?,To combine rows from two or more tables based on a related column between them
"SQL, which stands for Structured Query Language, is a standardized programming language used for managing relational databases and performing various operations on the data in them. It is particularly useful for handling structured data, where there are relations between different entities/variables.",What does SQL stand for?,Structured Query Language
"SQL is capable of querying and retrieving data from a database. This operation is performed using the SELECT statement, which specifies the columns to be retrieved and the conditions that must be met for a row to be included in the result.",Which SQL statement is used to retrieve data?,SELECT
"To insert data into a SQL database, the INSERT INTO statement is used. This statement specifies the table to populate and the values to insert into each field of the table's rows.",What is the purpose of the INSERT INTO statement in SQL?,To insert data into a database
"SQL databases maintain data integrity by using primary keys. A primary key is a special relational database table column (or combination of columns) designated to uniquely identify all table records. A primary key’s main features are: it must contain a unique value for each row of data, and it cannot contain null values.",What is a primary key in SQL?,A column or combination of columns that uniquely identifies all table records and cannot contain null values.
"In SQL, the DELETE statement is used to remove rows from a table. The WHERE clause specifies which rows should be deleted; without a WHERE clause, all rows would be removed.",What SQL statement is used to delete rows from a table?,DELETE
The UPDATE statement in SQL is used to modify existing records in a table. It is often used in conjunction with the WHERE clause to specify which records should be updated.,What is the purpose of the UPDATE statement in SQL?,To modify existing records in a table
"SQL uses the JOIN clause to combine rows from two or more tables, based on a related column between them. There are several types of joins: INNER JOIN, LEFT JOIN, RIGHT JOIN, and FULL OUTER JOIN.",What is the purpose of the JOIN clause in SQL?,To combine rows from two or more tables based on a related column between them
"SQL, which stands for Structured Query Language, is a standardized programming language used for managing relational databases and performing various operations on the data in them. It is particularly useful for handling structured data, where there are relations between different entities/variables.",What does SQL stand for?,Structured Query Language
"SQL is capable of querying and retrieving data from a database. This operation is performed using the SELECT statement, which specifies the columns to be retrieved and the conditions that must be met for a row to be included in the result.",Which SQL statement is used to retrieve data?,SELECT
"To insert data into a SQL database, the INSERT INTO statement is used. This statement specifies the table to populate and the values to insert into each field of the table's rows.",What is the purpose of the INSERT INTO statement in SQL?,To insert data into a database
"SQL databases maintain data integrity by using primary keys. A primary key is a special relational database table column (or combination of columns) designated to uniquely identify all table records. A primary key’s main features are: it must contain a unique value for each row of data, and it cannot contain null values.",What is a primary key in SQL?,A column or combination of columns that uniquely identifies all table records and cannot contain null values.
"In SQL, the DELETE statement is used to remove rows from a table. The WHERE clause specifies which rows should be deleted; without a WHERE clause, all rows would be removed.",What SQL statement is used to delete rows from a table?,DELETE
The UPDATE statement in SQL is used to modify existing records in a table. It is often used in conjunction with the WHERE clause to specify which records should be updated.,What is the purpose of the UPDATE statement in SQL?,To modify existing records in a table
